term,Df,Sum Sq,Mean Sq,F,N.Perm,Pr(>F)
Groups,2,0.1452106694359522,0.0726053347179761,11.877154114170331,999,0.001
Residuals,20,0.12226049105711699,0.0061130245528558495,NA,NA,NA
