term,Df,SumOfSqs,R2,F,Pr(>F)
Model,2,0.3554762914086767,0.16242236299194074,1.9391917335822793,0.026
Residual,20,1.833115752571838,0.8375776370080593,NA,NA
Total,22,2.1885920439805147,1,NA,NA
