term,Df,SumOfSqs,R2,F,Pr(>F)
Model,2,0.6693230265707184,0.4899911120714044,9.607501431230082,0.001
Residual,20,0.6966671109670839,0.5100088879285956,NA,NA
Total,22,1.3659901375378023,1,NA,NA
