term,Df,Sum Sq,Mean Sq,F,N.Perm,Pr(>F)
Groups,2,0.015261401897482001,0.0076307009487410005,2.4201594936878745,999,0.103
Residuals,20,0.06305948817541134,0.0031529744087705667,NA,NA,NA
