scale,flavor,Df,F,R2,p,sig
Coral (strata=reef),Abundance,2,2.6647360165908074,0.11503416290530129,1,
Coral (strata=reef),Proportion,2,2.2874611654244963,0.1003824493136282,1,
Reef,Abundance,2,9.607501431230082,0.4899911120714045,0.001,**
Reef,Proportion,2,1.6586579058413684,0.1422683399098902,0.045,*
Reef,Per-colony density,2,2.0127963138116365,0.16755435297753585,0.015,*
