Df,SumOfSqs,R2,F,Pr(>F)
2,0.8484134640622238,0.2052148746539726,3.0984204627326566,0.003
24,3.2858553870276124,0.7947851253460276,NA,NA
26,4.1342688510898356,1,NA,NA
