term,Chisq,Df,Pr(>Chisq)
(Intercept),1.495743223504625,1,0.22132749998252005
SQRT_PC1,2.124956031918271,1,0.14491693925193155
