term,Chisq,Df,Pr(>Chisq)
(Intercept),0.11287338834376948,1,0.7368962418384338
SQRT_CS_PC1,6.670477306408848,1,0.009802293341591965
