term,Chisq,Df,Pr(>Chisq)
(Intercept),0.07468623593515109,1,0.7846319725877514
HELLINGER_PC1,8.347184952796823,1,0.003862853496941872
