var1,var2,median_r,sd_r,ci_lower,ci_upper
carb_mg_cm2,afdw_mg_cm2,0.5599388687703867,0.1228448440031355,0.3344128757806468,0.7728927469389797
carb_mg_cm2,zoox_cells_cm2,0.5003689762606278,0.1367810202652981,0.21335980934309706,0.6791743036673803
protein_mg_cm2,afdw_mg_cm2,0.5351843215755386,0.13748615372027248,0.20731055717260133,0.7287763084558965
protein_mg_cm2,carb_mg_cm2,0.844930618598138,0.06693338294806418,0.7006009047861266,0.9263436465996886
protein_mg_cm2,zoox_cells_cm2,0.29079415591921753,0.18864464631792835,-0.10223391519973861,0.6142351452020487
zoox_cells_cm2,afdw_mg_cm2,0.47957462726096745,0.11210879944483357,0.20011653358100365,0.6302132347647601
