transformation,cor_richness,cor_abundance
raw,9.214650918371539e-4,0.6142630497090956
sqrt,-0.0959717288310795,0.6948164161102213
hellinger,-0.3250903709691617,0.4414318903493129
